<?xml version="1.0" encoding="UTF-8"?>
<jcr:root xmlns:cq="http://www.day.com/jcr/cq/1.0" xmlns:jcr="http://www.jcp.org/jcr/1.0"
    jcr:primaryType="cq:Dialog"
    title="dialog"
    xtype="dialog">
    <items
        jcr:primaryType="cq:Widget"
        xtype="tabpanel">
        <items jcr:primaryType="cq:WidgetCollection">
            <tab1 jcr:primaryType="cq:Panel">
                <items jcr:primaryType="cq:WidgetCollection">
                    <image
                        jcr:primaryType="cq:Widget"
                        fieldLabel="Upload Multiple Image"
                        name="./images"
                        xtype="multifield">
                        <fieldConfig
                            jcr:primaryType="cq:Widget"
                            rootPath="/content/dam"
                            xtype="pathfield"/>
                    </image>
                </items>
            </tab1>
        </items>
    </items>
</jcr:root>
